legacy_product_id,name,source_presence,bucket,sku_count,offer_count,verified_sku_family,positive_evidence,fully_agreed_characteristics,blocking_evidence,missing_evidence
"pt2zl0z9ehn4","Антидронова маскувальна сітка M-WIN","BOTH","AMBIGUOUS","11","11","","EXACT_BRAND | EXACT_SUPPLIER_CATEGORY | EXACT_SUBSTANTIAL_SUPPLIER_DESCRIPTION | EXACT_NAME_FRAME_EXCLUDING_RECORDED_VARIANTS","material | type","TRAIT_CONTRADICTION:season","NO_VERIFIED_COMMON_SUPPLIER_FAMILY"
"prekadnpehn5","Антидронова маскувальна сітка M-WIN 2х6 м (площа 12 кв.м.)","BOTH","AMBIGUOUS","11","11","","EXACT_BRAND | EXACT_SUPPLIER_CATEGORY | EXACT_SUBSTANTIAL_SUPPLIER_DESCRIPTION | EXACT_NAME_FRAME_EXCLUDING_RECORDED_VARIANTS","material | type","TRAIT_CONTRADICTION:season","NO_VERIFIED_COMMON_SUPPLIER_FAMILY"
"pub9eokoehn5","Антидронова маскувальна сітка M-WIN 3х4 м (площа 12 кв.м.)","BOTH","AMBIGUOUS","11","11","","EXACT_BRAND | EXACT_SUPPLIER_CATEGORY | EXACT_SUBSTANTIAL_SUPPLIER_DESCRIPTION | EXACT_NAME_FRAME_EXCLUDING_RECORDED_VARIANTS","material | type","TRAIT_CONTRADICTION:season","NO_VERIFIED_COMMON_SUPPLIER_FAMILY"
"poze6hxbehn6","Антидронова маскувальна сітка M-WIN 3х5 м (площа 15 кв.м.)","BOTH","AMBIGUOUS","11","11","","EXACT_BRAND | EXACT_SUPPLIER_CATEGORY | EXACT_SUBSTANTIAL_SUPPLIER_DESCRIPTION | EXACT_NAME_FRAME_EXCLUDING_RECORDED_VARIANTS","material | type","TRAIT_CONTRADICTION:season","NO_VERIFIED_COMMON_SUPPLIER_FAMILY"
"pksr2fbpehn6","Антидронова маскувальна сітка M-WIN 3х6 м (площа 18 кв.м.)","BOTH","AMBIGUOUS","11","11","","EXACT_BRAND | EXACT_SUPPLIER_CATEGORY | EXACT_SUBSTANTIAL_SUPPLIER_DESCRIPTION | EXACT_NAME_FRAME_EXCLUDING_RECORDED_VARIANTS","material | type","TRAIT_CONTRADICTION:season","NO_VERIFIED_COMMON_SUPPLIER_FAMILY"
"ppnym7kkehn6","Антидронова маскувальна сітка M-WIN 4х6 м (площа 24 кв.м.)","BOTH","AMBIGUOUS","11","11","","EXACT_BRAND | EXACT_SUPPLIER_CATEGORY | EXACT_SUBSTANTIAL_SUPPLIER_DESCRIPTION | EXACT_NAME_FRAME_EXCLUDING_RECORDED_VARIANTS","material | type","TRAIT_CONTRADICTION:season","NO_VERIFIED_COMMON_SUPPLIER_FAMILY"
"pxpj8mpuehn7","Антидронова маскувальна сітка M-WIN 5х6 м (площа 30 кв.м.)","BOTH","AMBIGUOUS","11","11","","EXACT_BRAND | EXACT_SUPPLIER_CATEGORY | EXACT_SUBSTANTIAL_SUPPLIER_DESCRIPTION | EXACT_NAME_FRAME_EXCLUDING_RECORDED_VARIANTS","material | type","TRAIT_CONTRADICTION:season","NO_VERIFIED_COMMON_SUPPLIER_FAMILY"
"p2osxctvehn7","Антидронова маскувальна сітка M-WIN 6х8 м (площа 48 кв.м.)","BOTH","AMBIGUOUS","11","11","","EXACT_BRAND | EXACT_SUPPLIER_CATEGORY | EXACT_SUBSTANTIAL_SUPPLIER_DESCRIPTION | EXACT_NAME_FRAME_EXCLUDING_RECORDED_VARIANTS","material | type","TRAIT_CONTRADICTION:season","NO_VERIFIED_COMMON_SUPPLIER_FAMILY"
"poc8lk4tehnb","Балістичний захист шиї / Горжет 2 клас M-WIN","BOTH","AMBIGUOUS","2","2","","EXACT_BRAND | EXACT_SUPPLIER_CATEGORY | EXACT_SUBSTANTIAL_SUPPLIER_DESCRIPTION | EXACT_NAME_FRAME_EXCLUDING_RECORDED_VARIANTS","material | armor_class","TRAIT_CONTRADICTION:type","NO_VERIFIED_COMMON_SUPPLIER_FAMILY"
"pynco3b7ehnb","Балістичний фартух 1 клас M-WIN","BOTH","AMBIGUOUS","3","3","","EXACT_BRAND | EXACT_SUPPLIER_CATEGORY","material | type | armor_class","","NAME_FRAME_DIFFERS | NO_VERIFIED_COMMON_SUPPLIER_FAMILY"
"pf403nl7ehnj","Магазин для АК 5.45 х 39 мм на 30 патронів з вікном","BOTH","AMBIGUOUS","2","2","","EXACT_SUPPLIER_CATEGORY","","","BRAND_UNKNOWN | DUPLICATE_COLOR_SIZE_SKU | NAME_FRAME_DIFFERS | NO_VERIFIED_COMMON_SUPPLIER_FAMILY"
"p6gcvolqehvi","Маскувальний костюм-кікімора M-WIN","BOTH","AMBIGUOUS","5","5","","EXACT_SUPPLIER_CATEGORY | EXACT_SUBSTANTIAL_SUPPLIER_DESCRIPTION | EXACT_NAME_FRAME_EXCLUDING_RECORDED_VARIANTS","type | item_type","TRAIT_CONTRADICTION:season","BRAND_UNKNOWN | NO_VERIFIED_COMMON_SUPPLIER_FAMILY"
"pz0s930oehw4","Підсумок під гранату закритого типу M-WIN","BOTH","AMBIGUOUS","2","2","","EXACT_BRAND | EXACT_SUPPLIER_CATEGORY | EXACT_SUBSTANTIAL_SUPPLIER_DESCRIPTION | EXACT_NAME_FRAME_EXCLUDING_RECORDED_VARIANTS","type","TRAIT_CONTRADICTION:material","NO_VERIFIED_COMMON_SUPPLIER_FAMILY"
"pofkawtdehw6","Плечові лямки для тактичних поясів РПС M-WIN","BOTH","AMBIGUOUS","2","2","","EXACT_BRAND | EXACT_SUPPLIER_CATEGORY | EXACT_SUBSTANTIAL_SUPPLIER_DESCRIPTION | EXACT_NAME_FRAME_EXCLUDING_RECORDED_VARIANTS","","TRAIT_CONTRADICTION:item_type","NO_VERIFIED_COMMON_SUPPLIER_FAMILY"
"pjwsoci5ehwa","Спальний мішок зимовий M-WIN Tactical Winter Gen-3 (220х88 см)","BOTH","AMBIGUOUS","2","2","","EXACT_BRAND | EXACT_SUPPLIER_CATEGORY | EXACT_NAME_FRAME_EXCLUDING_RECORDED_VARIANTS","","TRAIT_CONTRADICTION:season","NO_VERIFIED_COMMON_SUPPLIER_FAMILY"
"pisnjt8sehwc","Тактичний ремінь для штанів M-WIN","BOTH","AMBIGUOUS","4","4","","EXACT_SUPPLIER_CATEGORY | EXACT_SUBSTANTIAL_SUPPLIER_DESCRIPTION | EXACT_NAME_FRAME_EXCLUDING_RECORDED_VARIANTS","","","BRAND_UNKNOWN | NO_VERIFIED_COMMON_SUPPLIER_FAMILY"
"prrqeoycehwe","Штурмовий рюкзак QR M-WIN швидкоз'ємний","BOTH","AMBIGUOUS","2","2","","EXACT_BRAND | EXACT_SUPPLIER_CATEGORY | EXACT_SUBSTANTIAL_SUPPLIER_DESCRIPTION | EXACT_NAME_FRAME_EXCLUDING_RECORDED_VARIANTS","type","TRAIT_CONTRADICTION:material","NO_VERIFIED_COMMON_SUPPLIER_FAMILY"
"pu5cjn80n149","Додаткове кріплення з QD антабкою","BOTH","AMBIGUOUS","8","8","","EXACT_SUPPLIER_CATEGORY | EXACT_NAME_FRAME_EXCLUDING_RECORDED_VARIANTS","","","BRAND_UNKNOWN | DUPLICATE_COLOR_SIZE_SKU | NO_VERIFIED_COMMON_SUPPLIER_FAMILY"
"pz6lu9z6n1aw","Сумка скидання магазинів Navigara","BOTH","AMBIGUOUS","5","5","","EXACT_SUPPLIER_CATEGORY | EXACT_NAME_FRAME_EXCLUDING_RECORDED_VARIANTS","","","BRAND_UNKNOWN | NO_VERIFIED_COMMON_SUPPLIER_FAMILY"
"pe3wshxan1cr","Шапка флісова Raptor Розмір","BOTH","AMBIGUOUS","9","9","","EXACT_SUPPLIER_CATEGORY | EXACT_NAME_FRAME_EXCLUDING_RECORDED_VARIANTS","","","BRAND_UNKNOWN | DUPLICATE_COLOR_SIZE_SKU | NO_VERIFIED_COMMON_SUPPLIER_FAMILY"
"pvtvk16knqab","Бейсболка (Rip-Stop)","BOTH","AMBIGUOUS","6","6","","EXACT_BRAND | EXACT_SUPPLIER_CATEGORY","season | material | composition | item_type","","NAME_FRAME_DIFFERS | NO_VERIFIED_COMMON_SUPPLIER_FAMILY"
"p0sp1m8pnqac","Бейсболка WARRIOR (ВОЇН) (Rip-Stop)","BOTH","AMBIGUOUS","4","4","","EXACT_BRAND | EXACT_SUPPLIER_CATEGORY","season | material | composition | item_type","","NAME_FRAME_DIFFERS | NO_VERIFIED_COMMON_SUPPLIER_FAMILY"
"pcw2foennqad","Кепка мілітарі ""TANK R"" (Rip-Stop)","BOTH","AMBIGUOUS","6","6","","EXACT_BRAND | EXACT_SUPPLIER_CATEGORY","season | material | item_type","TRAIT_CONTRADICTION:composition","NAME_FRAME_DIFFERS | NO_VERIFIED_COMMON_SUPPLIER_FAMILY"
"poi130ztnqae","Кітель польовий ""VOЇN"" (Rip-Stop)","BOTH","AMBIGUOUS","20","20","","EXACT_BRAND | EXACT_SUPPLIER_CATEGORY","season | outer_layer","TRAIT_CONTRADICTION:composition","NAME_FRAME_DIFFERS | NO_VERIFIED_COMMON_SUPPLIER_FAMILY"
"ppbzy0p7nqaj","Комплект мілітарі Костюм ""VOЇN"" + Термобілизна","BOTH","AMBIGUOUS","12","12","","EXACT_BRAND | EXACT_SUPPLIER_CATEGORY","season | composition | outer_layer","","NAME_FRAME_DIFFERS | NO_VERIFIED_COMMON_SUPPLIER_FAMILY"
"pvt0z1zvnqal","Комплект тактичний ""ANTITERROR II"" (мембрана + Rip-Stop Стрейч)","BOTH","AMBIGUOUS","18","18","","EXACT_BRAND | EXACT_SUPPLIER_CATEGORY | EXACT_NAME_FRAME_EXCLUDING_RECORDED_VARIANTS","composition | outer_layer","TRAIT_CONTRADICTION:season","NO_VERIFIED_COMMON_SUPPLIER_FAMILY"
"pyux2qubnqam","Костюм польовий ""CRUSADER"" (Rip-Stop)","BOTH","AMBIGUOUS","39","39","","EXACT_BRAND | EXACT_SUPPLIER_CATEGORY","composition | outer_layer","TRAIT_CONTRADICTION:season","NAME_FRAME_DIFFERS | NO_VERIFIED_COMMON_SUPPLIER_FAMILY"
"p86kekx1nqam","Костюм польовий ""VOЇN "" (Rip-Stop)","BOTH","AMBIGUOUS","20","20","","EXACT_BRAND | EXACT_SUPPLIER_CATEGORY","season | outer_layer","TRAIT_CONTRADICTION:composition","NAME_FRAME_DIFFERS | NO_VERIFIED_COMMON_SUPPLIER_FAMILY"
"pxzu13cdnqao","Костюм спортивний ""EXTRAVEL"" (Трикотаж)","BOTH","AMBIGUOUS","12","12","","EXACT_BRAND | EXACT_SUPPLIER_CATEGORY | EXACT_NAME_FRAME_EXCLUDING_RECORDED_VARIANTS","composition | outer_layer","TRAIT_CONTRADICTION:season","NO_VERIFIED_COMMON_SUPPLIER_FAMILY"
"par4hgohnqap","Куртка зимова SoftShell ""DIVISION"" + толстовка фліс 2 в 1","BOTH","AMBIGUOUS","7","7","","EXACT_BRAND | EXACT_SUPPLIER_CATEGORY","season | composition | outer_layer | lining","","NAME_FRAME_DIFFERS | NO_VERIFIED_COMMON_SUPPLIER_FAMILY"
"pxdbqmz0nqat","Маска - балаклава ""YAKUZA"" (Трикотаж)","BOTH","AMBIGUOUS","3","3","","EXACT_BRAND | EXACT_SUPPLIER_CATEGORY | EXACT_NAME_FRAME_EXCLUDING_RECORDED_VARIANTS","material | composition | item_type","TRAIT_CONTRADICTION:season","NO_VERIFIED_COMMON_SUPPLIER_FAMILY"
"pj3kn5qqnqax","Панама польова ""PHANTOM"" Gen.2 (Rip-Stop)","BOTH","AMBIGUOUS","5","5","","EXACT_BRAND | EXACT_SUPPLIER_CATEGORY | EXACT_NAME_FRAME_EXCLUDING_RECORDED_VARIANTS","season | material | item_type","TRAIT_CONTRADICTION:composition","NO_VERIFIED_COMMON_SUPPLIER_FAMILY"
"pct2g972nqb1","Сорочка бойова UBACS (Rip-Stop + CoolMax + Ribana)","BOTH","AMBIGUOUS","12","12","","EXACT_BRAND | EXACT_SUPPLIER_CATEGORY | EXACT_NAME_FRAME_EXCLUDING_RECORDED_VARIANTS","season | material","TRAIT_CONTRADICTION:composition","NO_VERIFIED_COMMON_SUPPLIER_FAMILY"
"p6ppad3dnqb9","Футболка з принтом "" WATER"" (Бавовна)","BOTH","AMBIGUOUS","18","18","","EXACT_BRAND | EXACT_SUPPLIER_CATEGORY","season | material | composition","","NAME_FRAME_DIFFERS | NO_VERIFIED_COMMON_SUPPLIER_FAMILY"
"pj2z20spnqbd","Футболка з рукавами "" WATER"" (Трикотаж)","BOTH","AMBIGUOUS","26","26","","EXACT_BRAND | EXACT_SUPPLIER_CATEGORY","season | material | composition","","NAME_FRAME_DIFFERS | NO_VERIFIED_COMMON_SUPPLIER_FAMILY"
"pmd4g2zonqbg","Шапка тепла 270 (Фліс)","BOTH","AMBIGUOUS","6","6","","EXACT_BRAND | EXACT_SUPPLIER_CATEGORY | EXACT_NAME_FRAME_EXCLUDING_RECORDED_VARIANTS","material | composition | item_type","TRAIT_CONTRADICTION:season","NO_VERIFIED_COMMON_SUPPLIER_FAMILY"
"pibimollnqbh","Шорти ""ALPHA"" (Rip-Stop)","BOTH","AMBIGUOUS","18","18","","EXACT_BRAND | EXACT_SUPPLIER_CATEGORY | EXACT_NAME_FRAME_EXCLUDING_RECORDED_VARIANTS","season | composition","TRAIT_CONTRADICTION:material","NO_VERIFIED_COMMON_SUPPLIER_FAMILY"
"pyz7tmconqbl","Штани польові ""VOЇN"" (Rip-Stop)","BOTH","AMBIGUOUS","20","20","","EXACT_BRAND | EXACT_SUPPLIER_CATEGORY","season | material","TRAIT_CONTRADICTION:composition","NAME_FRAME_DIFFERS | NO_VERIFIED_COMMON_SUPPLIER_FAMILY"
"pr8aq9stnqbl","Штани тактичні ""ANTITERROR II"" (Rip-Stop Стрейч + мембрана)","BOTH","AMBIGUOUS","30","30","","EXACT_BRAND | EXACT_SUPPLIER_CATEGORY | EXACT_NAME_FRAME_EXCLUDING_RECORDED_VARIANTS","season | composition","TRAIT_CONTRADICTION:material","NO_VERIFIED_COMMON_SUPPLIER_FAMILY"
"pdggr84oom0s","Шапка флісова","BOTH","AMBIGUOUS","18","12","","","","MULTIPLE_SUPPLIERS | SUPPLIER_CATEGORY_CONTRADICTION | TRAIT_CONTRADICTION:item_type | TRAIT_CONTRADICTION:season","BRAND_UNKNOWN | NAME_FRAME_DIFFERS | NO_VERIFIED_COMMON_SUPPLIER_FAMILY"
"pvfju9as2m3a","Активні Навушники Walker's Razor Slim","PIM_ONLY","AMBIGUOUS","4","4","","EXACT_SUPPLIER_CATEGORY | EXACT_NAME_FRAME_EXCLUDING_RECORDED_VARIANTS","","BRAND_CONTRADICTION","NO_VERIFIED_COMMON_SUPPLIER_FAMILY | RAW_COLOR_FIELDS_NEED_DECISION"
"ppg4gxpm2m4u","Армійська панама PLV (ріп-стоп)","PIM_ONLY","AMBIGUOUS","16","16","","EXACT_SUPPLIER_CATEGORY | EXACT_SUBSTANTIAL_SUPPLIER_DESCRIPTION | EXACT_NAME_FRAME_EXCLUDING_RECORDED_VARIANTS","item_type","","BRAND_UNKNOWN | NO_VERIFIED_COMMON_SUPPLIER_FAMILY"
"pqzmdedr2m4x","Балаклава військова флісова","PIM_ONLY","AMBIGUOUS","2","2","","EXACT_SUPPLIER_CATEGORY | EXACT_SUBSTANTIAL_SUPPLIER_DESCRIPTION | EXACT_NAME_FRAME_EXCLUDING_RECORDED_VARIANTS","item_type","","BRAND_UNKNOWN | NO_VERIFIED_COMMON_SUPPLIER_FAMILY"
"pxy7vcnx2m4y","Балаклава флісова Militex Press Sots","PIM_ONLY","AMBIGUOUS","3","3","","EXACT_SUPPLIER_CATEGORY | EXACT_SUBSTANTIAL_SUPPLIER_DESCRIPTION | EXACT_NAME_FRAME_EXCLUDING_RECORDED_VARIANTS","item_type","","BRAND_UNKNOWN | NO_VERIFIED_COMMON_SUPPLIER_FAMILY"
"p0fdna0m2m6a","Балістичний шолом FAST PE GEN III AGGRESSIVE","PIM_ONLY","AMBIGUOUS","8","8","","EXACT_SUPPLIER_CATEGORY","","","BRAND_UNKNOWN | NAME_FRAME_DIFFERS | NO_VERIFIED_COMMON_SUPPLIER_FAMILY"
"po5m8c2s2m71","Бронежилет з збільшеною площею захисту Kiborg Modular X-1 —","PIM_ONLY","AMBIGUOUS","8","8","","EXACT_BRAND | EXACT_SUPPLIER_CATEGORY | EXACT_SUBSTANTIAL_SUPPLIER_DESCRIPTION","item_type","","NAME_FRAME_DIFFERS | NO_VERIFIED_COMMON_SUPPLIER_FAMILY"
"p1r86cyy2m72","Бронежилет Kiborg Modular X-1 (збільшена площа захисту) + балістичний пакет Militex, 1 клас","PIM_ONLY","AMBIGUOUS","8","8","","EXACT_BRAND | EXACT_SUPPLIER_CATEGORY","item_type | armor_class","","NAME_FRAME_DIFFERS | NO_VERIFIED_COMMON_SUPPLIER_FAMILY"
"pactekb42m73","Бронежилет Kiborg Modular X-1 (збільшена площа захисту) з балістичним пакетом Militex, 2 клас","PIM_ONLY","AMBIGUOUS","12","12","","EXACT_BRAND | EXACT_SUPPLIER_CATEGORY","item_type","TRAIT_CONTRADICTION:armor_class","NAME_FRAME_DIFFERS | NO_VERIFIED_COMMON_SUPPLIER_FAMILY"
"p1ms43yw2m73","Бронежилет Kiborg Modular X-1 з балістичним захистом Militex (1 клас)","PIM_ONLY","AMBIGUOUS","12","12","","EXACT_BRAND | EXACT_SUPPLIER_CATEGORY","type | item_type","","NAME_FRAME_DIFFERS | NO_VERIFIED_COMMON_SUPPLIER_FAMILY"
"psofkowu2m74","Бронежилет Kiborg Modular X-1 з балістичним захистом Militex (2 клас)","PIM_ONLY","AMBIGUOUS","12","12","","EXACT_BRAND | EXACT_SUPPLIER_CATEGORY","type | item_type","","NAME_FRAME_DIFFERS | NO_VERIFIED_COMMON_SUPPLIER_FAMILY"
"pmeuc36i2m79","Бронезахист плитоноска Kiborg GU gen.2","PIM_ONLY","AMBIGUOUS","5","5","","EXACT_BRAND | EXACT_SUPPLIER_CATEGORY | EXACT_SUBSTANTIAL_SUPPLIER_DESCRIPTION | EXACT_NAME_FRAME_EXCLUDING_RECORDED_VARIANTS","","TRAIT_CONTRADICTION:type","NO_VERIFIED_COMMON_SUPPLIER_FAMILY"
"p04rhwjr2m7v","Відкидний чохол-тримач під смартфон / холдер для телефону","PIM_ONLY","AMBIGUOUS","2","2","","EXACT_SUPPLIER_CATEGORY | EXACT_SUBSTANTIAL_SUPPLIER_DESCRIPTION","","","BRAND_UNKNOWN | DUPLICATE_COLOR_SIZE_SKU | NAME_FRAME_DIFFERS | NO_VERIFIED_COMMON_SUPPLIER_FAMILY"
"p2mjucdu2m80","Водовідштовхувальний костюм 4W Stretch Militex","PIM_ONLY","AMBIGUOUS","12","12","","EXACT_BRAND | EXACT_SUPPLIER_CATEGORY","material | item_type","","NAME_FRAME_DIFFERS | NO_VERIFIED_COMMON_SUPPLIER_FAMILY"
"py5z45j62m83","Вологостійкий рюкзак Patrol Molle 25л","PIM_ONLY","AMBIGUOUS","2","2","","EXACT_SUPPLIER_CATEGORY | EXACT_NAME_FRAME_EXCLUDING_RECORDED_VARIANTS","","","BRAND_UNKNOWN | NO_VERIFIED_COMMON_SUPPLIER_FAMILY | RAW_COLOR_FIELDS_NEED_DECISION"
"prfu6u7x2m85","Гідратор на 3л із рюкзаком","PIM_ONLY","AMBIGUOUS","4","4","","EXACT_SUPPLIER_CATEGORY | EXACT_NAME_FRAME_EXCLUDING_RECORDED_VARIANTS","","","BRAND_UNKNOWN | NO_VERIFIED_COMMON_SUPPLIER_FAMILY | RAW_COLOR_FIELDS_NEED_DECISION"
"pmx3wgdo2m8l","Демісезонна куртка з прихованим капюшоном та водонепроникними блискавками","PIM_ONLY","AMBIGUOUS","18","18","","EXACT_SUPPLIER_CATEGORY | EXACT_SUBSTANTIAL_SUPPLIER_DESCRIPTION | EXACT_NAME_FRAME_EXCLUDING_RECORDED_VARIANTS","item_type","","BRAND_UNKNOWN | NO_VERIFIED_COMMON_SUPPLIER_FAMILY"
"p44w387o2m8o","Демісезонний костюм Softshell Kiborg","PIM_ONLY","AMBIGUOUS","6","6","","EXACT_SUPPLIER_CATEGORY | EXACT_NAME_FRAME_EXCLUDING_RECORDED_VARIANTS","item_type","BRAND_CONTRADICTION","NO_VERIFIED_COMMON_SUPPLIER_FAMILY"
"pjv1mvpi2m8r","Демісезонні компресійні гольфи LongDry PRO UltraFit","PIM_ONLY","AMBIGUOUS","6","6","","EXACT_SUPPLIER_CATEGORY | EXACT_SUBSTANTIAL_SUPPLIER_DESCRIPTION | EXACT_NAME_FRAME_EXCLUDING_RECORDED_VARIANTS","","","BRAND_UNKNOWN | NO_VERIFIED_COMMON_SUPPLIER_FAMILY"
"pyg352a62m8r","Демісезонні компресійні шкарпетки MidDry","PIM_ONLY","AMBIGUOUS","9","9","","EXACT_SUPPLIER_CATEGORY","","","BRAND_UNKNOWN | NAME_FRAME_DIFFERS | NO_VERIFIED_COMMON_SUPPLIER_FAMILY"
"ps4b26q32m8y","Екіпірувальні налокітники","PIM_ONLY","AMBIGUOUS","3","3","","EXACT_BRAND | EXACT_SUPPLIER_CATEGORY | EXACT_SUBSTANTIAL_SUPPLIER_DESCRIPTION","","","NAME_FRAME_DIFFERS | NO_VERIFIED_COMMON_SUPPLIER_FAMILY"
"pxc50q502m8z","Екшн камера на шолом RunCam Helmet Camera","PIM_ONLY","AMBIGUOUS","2","2","","EXACT_SUPPLIER_CATEGORY | EXACT_NAME_FRAME_EXCLUDING_RECORDED_VARIANTS","","","BRAND_UNKNOWN | DUPLICATE_COLOR_SIZE_SKU | NO_VERIFIED_COMMON_SUPPLIER_FAMILY"
"pd3n055d2m91","Жіноча бойова сорочка UBACS для бронежилета","PIM_ONLY","AMBIGUOUS","10","10","","EXACT_SUPPLIER_CATEGORY","item_type","","BRAND_UNKNOWN | NAME_FRAME_DIFFERS | NO_VERIFIED_COMMON_SUPPLIER_FAMILY"
"p7qa61po2m91","Жіноча тактична куртка FC Combat Fit","PIM_ONLY","AMBIGUOUS","10","10","","EXACT_SUPPLIER_CATEGORY | EXACT_NAME_FRAME_EXCLUDING_RECORDED_VARIANTS","item_type","","BRAND_UNKNOWN | NO_VERIFIED_COMMON_SUPPLIER_FAMILY"
"p2yazb692m92","Жіночі польові штани FS з корсетною посадкою","PIM_ONLY","AMBIGUOUS","10","10","","EXACT_SUPPLIER_CATEGORY | EXACT_NAME_FRAME_EXCLUDING_RECORDED_VARIANTS","item_type","","BRAND_UNKNOWN | NO_VERIFIED_COMMON_SUPPLIER_FAMILY"
"p5ur9uku2m9i","Захист попереку з балістичним пакетом 1 клас захисту Kiborg","PIM_ONLY","AMBIGUOUS","4","4","","EXACT_SUPPLIER_CATEGORY | EXACT_SUBSTANTIAL_SUPPLIER_DESCRIPTION","type | item_type","BRAND_CONTRADICTION","NAME_FRAME_DIFFERS | NO_VERIFIED_COMMON_SUPPLIER_FAMILY"
"pf8mlqg72maq","Зимова утеплена жіноча FS куртка-трансформер Soft Shell 2в1","PIM_ONLY","AMBIGUOUS","15","15","","EXACT_SUPPLIER_CATEGORY | EXACT_NAME_FRAME_EXCLUDING_RECORDED_VARIANTS","item_type","","BRAND_UNKNOWN | NO_VERIFIED_COMMON_SUPPLIER_FAMILY"
"pujjgg9x2mas","Зимовий бушлат","PIM_ONLY","AMBIGUOUS","14","14","","EXACT_SUPPLIER_CATEGORY | EXACT_NAME_FRAME_EXCLUDING_RECORDED_VARIANTS","item_type","","BRAND_UNKNOWN | NO_VERIFIED_COMMON_SUPPLIER_FAMILY"
"p50a728p2mau","Зимовий костюм горка","PIM_ONLY","AMBIGUOUS","10","10","","EXACT_SUPPLIER_CATEGORY | EXACT_SUBSTANTIAL_SUPPLIER_DESCRIPTION | EXACT_NAME_FRAME_EXCLUDING_RECORDED_VARIANTS","type | item_type","BRAND_CONTRADICTION","NO_VERIFIED_COMMON_SUPPLIER_FAMILY"
"pj0h1t5p2max","Зимовий мікропуховик у кольорі BR YWH з вологостійкою тканиною та знімним капюшоном","PIM_ONLY","AMBIGUOUS","12","12","","EXACT_SUPPLIER_CATEGORY | EXACT_SUBSTANTIAL_SUPPLIER_DESCRIPTION | EXACT_NAME_FRAME_EXCLUDING_RECORDED_VARIANTS","item_type","","BRAND_UNKNOWN | NO_VERIFIED_COMMON_SUPPLIER_FAMILY"
"pmkbw5u22may","Зимовий спальний мішок Kiborg ""Alaska Duspo"" -20°C (85x210)","PIM_ONLY","AMBIGUOUS","2","2","","EXACT_SUPPLIER_CATEGORY","","","BRAND_UNKNOWN | NAME_FRAME_DIFFERS | NO_VERIFIED_COMMON_SUPPLIER_FAMILY"
"pmdsj08x2may","Зимовий спальний мішок Kiborg ""Alfa Fleece"" -20°C (85x210)","PIM_ONLY","AMBIGUOUS","2","2","","EXACT_SUPPLIER_CATEGORY","","","BRAND_UNKNOWN | NAME_FRAME_DIFFERS | NO_VERIFIED_COMMON_SUPPLIER_FAMILY"
"ppqj58rm2maz","Зимовий спальний мішок Kiborg ""Omni-Heat"" -25°C (85x210)","PIM_ONLY","AMBIGUOUS","2","2","","EXACT_SUPPLIER_CATEGORY","","","BRAND_UNKNOWN | NAME_FRAME_DIFFERS | NO_VERIFIED_COMMON_SUPPLIER_FAMILY"
"px8mfys52mb4","Кавер на шолом Denmark","PIM_ONLY","AMBIGUOUS","6","6","","EXACT_SUPPLIER_CATEGORY | EXACT_SUBSTANTIAL_SUPPLIER_DESCRIPTION","item_type","","BRAND_UNKNOWN | NAME_FRAME_DIFFERS | NO_VERIFIED_COMMON_SUPPLIER_FAMILY"
"p0ibqlko2mb5","Кавер на шолом Sestan-Busch","PIM_ONLY","AMBIGUOUS","5","5","","EXACT_SUPPLIER_CATEGORY | EXACT_SUBSTANTIAL_SUPPLIER_DESCRIPTION | EXACT_NAME_FRAME_EXCLUDING_RECORDED_VARIANTS","","","BRAND_UNKNOWN | NO_VERIFIED_COMMON_SUPPLIER_FAMILY"
"p0tvtaoi2mb6","Кавер на шолом Sestan-Busch MID CUT","PIM_ONLY","AMBIGUOUS","6","6","","EXACT_SUPPLIER_CATEGORY | EXACT_SUBSTANTIAL_SUPPLIER_DESCRIPTION | EXACT_NAME_FRAME_EXCLUDING_RECORDED_VARIANTS","","","BRAND_UNKNOWN | NO_VERIFIED_COMMON_SUPPLIER_FAMILY"
"p1y4ded62mb9","Каремат-сидушка М Оксфорд (33*25см)","PIM_ONLY","AMBIGUOUS","2","2","","EXACT_BRAND | EXACT_SUPPLIER_CATEGORY | EXACT_SUBSTANTIAL_SUPPLIER_DESCRIPTION | EXACT_NAME_FRAME_EXCLUDING_RECORDED_VARIANTS","item_type","TRAIT_CONTRADICTION:type","NO_VERIFIED_COMMON_SUPPLIER_FAMILY"
"phtndltr2mbd","Каремат-сидушка Kiborg з балістичним пакетом 1 клас захисту Militex 20mm Cordura","PIM_ONLY","AMBIGUOUS","4","4","","EXACT_BRAND | EXACT_SUPPLIER_CATEGORY | EXACT_SUBSTANTIAL_SUPPLIER_DESCRIPTION","item_type","","NAME_FRAME_DIFFERS | NO_VERIFIED_COMMON_SUPPLIER_FAMILY"
"pmvl3ubt2mbi","Кейс (чохол) для зброї Kiborg Weapon Case 105х30х10","PIM_ONLY","AMBIGUOUS","2","2","","EXACT_BRAND | EXACT_SUPPLIER_CATEGORY","","","NAME_FRAME_DIFFERS | NO_VERIFIED_COMMON_SUPPLIER_FAMILY | RAW_COLOR_FIELDS_NEED_DECISION"
"puwi7z0r2mc4","Комплект м'яких протиуадрних подушок","PIM_ONLY","AMBIGUOUS","3","3","7095","EXACT_SUPPLIER_CATEGORY | EXACT_SUBSTANTIAL_SUPPLIER_DESCRIPTION | EXACT_SUPPLIER_SKU_FAMILY_WITH_VERIFIED_VARIANT_SUFFIX","type | item_type","","BRAND_UNKNOWN | NAME_FRAME_DIFFERS | RAW_COLOR_FIELDS_NEED_DECISION"
"p87s2l552mc8","Комплект Плитонока Kiborg GU Gen.2 з двома підсумками та захистом 1 класу","PIM_ONLY","AMBIGUOUS","5","5","","EXACT_BRAND | EXACT_SUPPLIER_CATEGORY | EXACT_NAME_FRAME_EXCLUDING_RECORDED_VARIANTS","item_type","TRAIT_CONTRADICTION:type","NO_VERIFIED_COMMON_SUPPLIER_FAMILY"
"pfeo6s2k2mc9","Комплект плитоноска Kiborg GU Gen.2 + 6 підсумків","PIM_ONLY","AMBIGUOUS","5","5","","EXACT_BRAND | EXACT_SUPPLIER_CATEGORY | EXACT_NAME_FRAME_EXCLUDING_RECORDED_VARIANTS","","TRAIT_CONTRADICTION:type","NO_VERIFIED_COMMON_SUPPLIER_FAMILY"
"p76696o52mch","Комплект Kiborg Плитоноска GU gen.2 + 8 підсумків","PIM_ONLY","AMBIGUOUS","5","5","","EXACT_BRAND | EXACT_SUPPLIER_CATEGORY | EXACT_NAME_FRAME_EXCLUDING_RECORDED_VARIANTS","","TRAIT_CONTRADICTION:type","NO_VERIFIED_COMMON_SUPPLIER_FAMILY"
"phhrmcgu2mcl","Костюм Line FS бомбер+джогери Rip-Stop","PIM_ONLY","AMBIGUOUS","21","21","","EXACT_SUPPLIER_CATEGORY | EXACT_SUBSTANTIAL_SUPPLIER_DESCRIPTION | EXACT_NAME_FRAME_EXCLUDING_RECORDED_VARIANTS","item_type","TRAIT_CONTRADICTION:material","BRAND_UNKNOWN | NO_VERIFIED_COMMON_SUPPLIER_FAMILY"
"po0xqnbh2md8","Літні функціональні бойові штани Military","PIM_ONLY","AMBIGUOUS","15","15","","EXACT_SUPPLIER_CATEGORY | EXACT_NAME_FRAME_EXCLUDING_RECORDED_VARIANTS","item_type","","BRAND_UNKNOWN | NO_VERIFIED_COMMON_SUPPLIER_FAMILY"
"po206rqa2mdc","Літня штормова куртка BR | Вітро- та вологозахист | Легка та дихаюча","PIM_ONLY","AMBIGUOUS","15","15","","EXACT_SUPPLIER_CATEGORY | EXACT_NAME_FRAME_EXCLUDING_RECORDED_VARIANTS","item_type","","BRAND_UNKNOWN | NO_VERIFIED_COMMON_SUPPLIER_FAMILY"
"phf01y842mdf","Магазин 7.62х39 з вікном для контролю кількості заряду патронів","PIM_ONLY","AMBIGUOUS","3","3","","EXACT_SUPPLIER_CATEGORY | EXACT_SUBSTANTIAL_SUPPLIER_DESCRIPTION","","","BRAND_UNKNOWN | NAME_FRAME_DIFFERS | NO_VERIFIED_COMMON_SUPPLIER_FAMILY"
"pvdm7bvy2mdh","Магазин для АК коробчатий з вікном для контролю кількості заряду патронів","PIM_ONLY","AMBIGUOUS","5","5","","EXACT_SUPPLIER_CATEGORY","","","BRAND_UNKNOWN | NAME_FRAME_DIFFERS | NO_VERIFIED_COMMON_SUPPLIER_FAMILY"
"pc1f5gfw2mdi","Магазин для АР15/М4 під патрон 5,56х45 NATO","PIM_ONLY","AMBIGUOUS","4","4","","EXACT_SUPPLIER_CATEGORY | EXACT_SUBSTANTIAL_SUPPLIER_DESCRIPTION","","","BRAND_UNKNOWN | NAME_FRAME_DIFFERS | NO_VERIFIED_COMMON_SUPPLIER_FAMILY"
"p7qefhre2mdm","Магазин FireON АК30 5,45*39 / Жовтий подавач","PIM_ONLY","AMBIGUOUS","2","2","","EXACT_BRAND | EXACT_SUPPLIER_CATEGORY | EXACT_SUBSTANTIAL_SUPPLIER_DESCRIPTION","","","NAME_FRAME_DIFFERS | NO_VERIFIED_COMMON_SUPPLIER_FAMILY"
"ph08s2ev2mdn","Маскувальна сітка з основою 10х10м Militex","PIM_ONLY","AMBIGUOUS","4","4","","EXACT_BRAND | EXACT_SUBSTANTIAL_SUPPLIER_DESCRIPTION","material | type","SUPPLIER_CATEGORY_CONTRADICTION","NAME_FRAME_DIFFERS | NO_VERIFIED_COMMON_SUPPLIER_FAMILY"
"pbgxrmbw2mdo","Маскувальна сітка з основою 10х15м Militex","PIM_ONLY","AMBIGUOUS","4","4","","EXACT_BRAND | EXACT_SUBSTANTIAL_SUPPLIER_DESCRIPTION","material | type","SUPPLIER_CATEGORY_CONTRADICTION","NAME_FRAME_DIFFERS | NO_VERIFIED_COMMON_SUPPLIER_FAMILY"
"pblrzjdr2mdp","Маскувальна сітка з основою 10х20м Militex","PIM_ONLY","AMBIGUOUS","4","4","","EXACT_BRAND | EXACT_SUBSTANTIAL_SUPPLIER_DESCRIPTION","material | type","SUPPLIER_CATEGORY_CONTRADICTION","NAME_FRAME_DIFFERS | NO_VERIFIED_COMMON_SUPPLIER_FAMILY"
"pwgu86wh2mdp","Маскувальна сітка з основою 20х20 Militex","PIM_ONLY","AMBIGUOUS","4","4","","EXACT_BRAND | EXACT_SUBSTANTIAL_SUPPLIER_DESCRIPTION","material | type","SUPPLIER_CATEGORY_CONTRADICTION","NAME_FRAME_DIFFERS | NO_VERIFIED_COMMON_SUPPLIER_FAMILY"
"pi9114zd2mdq","Маскувальна сітка з основою 2х2,5м Militex","PIM_ONLY","AMBIGUOUS","4","4","","EXACT_BRAND | EXACT_SUBSTANTIAL_SUPPLIER_DESCRIPTION","material | type","SUPPLIER_CATEGORY_CONTRADICTION","NAME_FRAME_DIFFERS | NO_VERIFIED_COMMON_SUPPLIER_FAMILY"
"pb3f8w4s2mdq","Маскувальна сітка з основою 2х5м Militex","PIM_ONLY","AMBIGUOUS","4","4","","EXACT_BRAND | EXACT_SUBSTANTIAL_SUPPLIER_DESCRIPTION","material | type","SUPPLIER_CATEGORY_CONTRADICTION","NAME_FRAME_DIFFERS | NO_VERIFIED_COMMON_SUPPLIER_FAMILY"
"ph7owjtp2mdr","Маскувальна сітка з основою 3х2,5м Militex","PIM_ONLY","AMBIGUOUS","4","4","","EXACT_BRAND | EXACT_SUBSTANTIAL_SUPPLIER_DESCRIPTION","material | type","SUPPLIER_CATEGORY_CONTRADICTION","NAME_FRAME_DIFFERS | NO_VERIFIED_COMMON_SUPPLIER_FAMILY"
"p0ad2b1f2mds","Маскувальна сітка з основою 3х5м Militex","PIM_ONLY","AMBIGUOUS","4","4","","EXACT_BRAND | EXACT_SUBSTANTIAL_SUPPLIER_DESCRIPTION","material | type","SUPPLIER_CATEGORY_CONTRADICTION","NAME_FRAME_DIFFERS | NO_VERIFIED_COMMON_SUPPLIER_FAMILY"
"pwag2ndt2mds","Маскувальна сітка з основою 4х8м Militex","PIM_ONLY","AMBIGUOUS","4","4","","EXACT_BRAND | EXACT_SUBSTANTIAL_SUPPLIER_DESCRIPTION","material | type","SUPPLIER_CATEGORY_CONTRADICTION","NAME_FRAME_DIFFERS | NO_VERIFIED_COMMON_SUPPLIER_FAMILY"
"p2dlfamp2mdt","Маскувальна сітка з основою 5х10м Militex","PIM_ONLY","AMBIGUOUS","4","4","","EXACT_BRAND | EXACT_SUBSTANTIAL_SUPPLIER_DESCRIPTION","material | type","SUPPLIER_CATEGORY_CONTRADICTION","NAME_FRAME_DIFFERS | NO_VERIFIED_COMMON_SUPPLIER_FAMILY"
"pkpzfg4r2mdu","Маскувальна сітка з основою 5х5м Militex","PIM_ONLY","AMBIGUOUS","4","4","","EXACT_BRAND | EXACT_SUBSTANTIAL_SUPPLIER_DESCRIPTION","material | type","SUPPLIER_CATEGORY_CONTRADICTION","NAME_FRAME_DIFFERS | NO_VERIFIED_COMMON_SUPPLIER_FAMILY"
"pegtj5cz2mdu","Маскувальна сітка з основою 5х7м Militex","PIM_ONLY","AMBIGUOUS","4","4","","EXACT_BRAND | EXACT_SUBSTANTIAL_SUPPLIER_DESCRIPTION","material | type","SUPPLIER_CATEGORY_CONTRADICTION","NAME_FRAME_DIFFERS | NO_VERIFIED_COMMON_SUPPLIER_FAMILY"
"ps1rqynj2mdv","Маскувальна сітка з основою 5х8м Militex","PIM_ONLY","AMBIGUOUS","4","4","","EXACT_BRAND | EXACT_SUBSTANTIAL_SUPPLIER_DESCRIPTION","material | type","SUPPLIER_CATEGORY_CONTRADICTION","NAME_FRAME_DIFFERS | NO_VERIFIED_COMMON_SUPPLIER_FAMILY"
"pmjmvmu62mdw","Маскувальна сітка з основою 6х10м Militex","PIM_ONLY","AMBIGUOUS","4","4","","EXACT_BRAND | EXACT_SUBSTANTIAL_SUPPLIER_DESCRIPTION","material | type","SUPPLIER_CATEGORY_CONTRADICTION","NAME_FRAME_DIFFERS | NO_VERIFIED_COMMON_SUPPLIER_FAMILY"
"p3536qk92mdw","Маскувальна сітка з основою 6х8м Militex","PIM_ONLY","AMBIGUOUS","4","4","","EXACT_BRAND | EXACT_SUBSTANTIAL_SUPPLIER_DESCRIPTION","material | type","SUPPLIER_CATEGORY_CONTRADICTION","NAME_FRAME_DIFFERS | NO_VERIFIED_COMMON_SUPPLIER_FAMILY"
"pjyksjcg2mdx","Маскувальна сітка з основою 8х10м Militex","PIM_ONLY","AMBIGUOUS","4","4","","EXACT_BRAND | EXACT_SUBSTANTIAL_SUPPLIER_DESCRIPTION","material | type","SUPPLIER_CATEGORY_CONTRADICTION","NAME_FRAME_DIFFERS | NO_VERIFIED_COMMON_SUPPLIER_FAMILY"
"pod7ditm2mdy","Маскувальна сітка з основою індивідуального розміру (110грн кв.м.) Militex","PIM_ONLY","AMBIGUOUS","4","4","","EXACT_BRAND | EXACT_SUBSTANTIAL_SUPPLIER_DESCRIPTION","material | type","SUPPLIER_CATEGORY_CONTRADICTION","NAME_FRAME_DIFFERS | NO_VERIFIED_COMMON_SUPPLIER_FAMILY"
"phdfywpb2mdy","Маскувальна сітка Militex 10х10м (площа 100 кв.м.)","PIM_ONLY","AMBIGUOUS","12","12","","EXACT_BRAND | EXACT_SUBSTANTIAL_SUPPLIER_DESCRIPTION","material | type","SUPPLIER_CATEGORY_CONTRADICTION","NAME_FRAME_DIFFERS | NO_VERIFIED_COMMON_SUPPLIER_FAMILY"
"p8qic6op2mdz","Маскувальна сітка Militex 10х15м (площа 150 кв.м.)","PIM_ONLY","AMBIGUOUS","12","12","","EXACT_BRAND | EXACT_SUBSTANTIAL_SUPPLIER_DESCRIPTION","material | type","SUPPLIER_CATEGORY_CONTRADICTION","NAME_FRAME_DIFFERS | NO_VERIFIED_COMMON_SUPPLIER_FAMILY"
"peqa144k2me0","Маскувальна сітка Militex 10х20м (площа 200 кв.м.)","PIM_ONLY","AMBIGUOUS","12","12","","EXACT_BRAND | EXACT_SUBSTANTIAL_SUPPLIER_DESCRIPTION","material | type","SUPPLIER_CATEGORY_CONTRADICTION","NAME_FRAME_DIFFERS | NO_VERIFIED_COMMON_SUPPLIER_FAMILY"
"pyi6c3do2me0","Маскувальна сітка Militex 20х20 (площа 400 кв.м.)","PIM_ONLY","AMBIGUOUS","12","12","","EXACT_BRAND | EXACT_SUBSTANTIAL_SUPPLIER_DESCRIPTION","material | type","SUPPLIER_CATEGORY_CONTRADICTION","NAME_FRAME_DIFFERS | NO_VERIFIED_COMMON_SUPPLIER_FAMILY"
"pfynkghb2me1","Маскувальна сітка Militex 2х2,5м (площа 5 кв. м.)","PIM_ONLY","AMBIGUOUS","12","12","","EXACT_BRAND | EXACT_SUBSTANTIAL_SUPPLIER_DESCRIPTION","material | type","SUPPLIER_CATEGORY_CONTRADICTION","NAME_FRAME_DIFFERS | NO_VERIFIED_COMMON_SUPPLIER_FAMILY"
"pistedp42me2","Маскувальна сітка Militex 2х5м (площа 10 кв.м.)","PIM_ONLY","AMBIGUOUS","12","12","","EXACT_BRAND | EXACT_SUBSTANTIAL_SUPPLIER_DESCRIPTION","material | type","SUPPLIER_CATEGORY_CONTRADICTION","NAME_FRAME_DIFFERS | NO_VERIFIED_COMMON_SUPPLIER_FAMILY"
"pfc5q4k82me2","Маскувальна сітка Militex 3х2,5м (площа 7,5 кв.м.)","PIM_ONLY","AMBIGUOUS","12","12","","EXACT_BRAND | EXACT_SUBSTANTIAL_SUPPLIER_DESCRIPTION","material | type","SUPPLIER_CATEGORY_CONTRADICTION","NAME_FRAME_DIFFERS | NO_VERIFIED_COMMON_SUPPLIER_FAMILY"
"pg556m1w2me3","Маскувальна сітка Militex 3х5м (площа 15 кв.м.)","PIM_ONLY","AMBIGUOUS","12","12","","EXACT_BRAND | EXACT_SUBSTANTIAL_SUPPLIER_DESCRIPTION","material | type","SUPPLIER_CATEGORY_CONTRADICTION","NAME_FRAME_DIFFERS | NO_VERIFIED_COMMON_SUPPLIER_FAMILY"
"pvfomlzp2me4","Маскувальна сітка Militex 4х8м (площа 32 кв.м.)","PIM_ONLY","AMBIGUOUS","12","12","","EXACT_BRAND | EXACT_SUBSTANTIAL_SUPPLIER_DESCRIPTION","material | type","SUPPLIER_CATEGORY_CONTRADICTION","NAME_FRAME_DIFFERS | NO_VERIFIED_COMMON_SUPPLIER_FAMILY"
"pzlspael2me4","Маскувальна сітка Militex 5х10м (площа 50 кв.м.)","PIM_ONLY","AMBIGUOUS","12","12","","EXACT_BRAND | EXACT_SUBSTANTIAL_SUPPLIER_DESCRIPTION","material | type","SUPPLIER_CATEGORY_CONTRADICTION","NAME_FRAME_DIFFERS | NO_VERIFIED_COMMON_SUPPLIER_FAMILY"
"p3gpxf7a2me5","Маскувальна сітка Militex 5х5м (площа 25 кв.м.)","PIM_ONLY","AMBIGUOUS","12","12","","EXACT_BRAND | EXACT_SUBSTANTIAL_SUPPLIER_DESCRIPTION","material | type","SUPPLIER_CATEGORY_CONTRADICTION","NAME_FRAME_DIFFERS | NO_VERIFIED_COMMON_SUPPLIER_FAMILY"
"pcy90xeh2me6","Маскувальна сітка Militex 5х7м (площа 35 кв.м.)","PIM_ONLY","AMBIGUOUS","12","12","","EXACT_BRAND | EXACT_SUBSTANTIAL_SUPPLIER_DESCRIPTION","material | type","SUPPLIER_CATEGORY_CONTRADICTION","NAME_FRAME_DIFFERS | NO_VERIFIED_COMMON_SUPPLIER_FAMILY"
"ppu94m372me6","Маскувальна сітка Militex 5х8м (площа 40 кв.м.)","PIM_ONLY","AMBIGUOUS","12","12","","EXACT_BRAND | EXACT_SUBSTANTIAL_SUPPLIER_DESCRIPTION","material | type","SUPPLIER_CATEGORY_CONTRADICTION","NAME_FRAME_DIFFERS | NO_VERIFIED_COMMON_SUPPLIER_FAMILY"
"pb0ov5ai2me7","Маскувальна сітка Militex 6х10м (площа 60 кв.м.)","PIM_ONLY","AMBIGUOUS","12","12","","EXACT_BRAND | EXACT_SUBSTANTIAL_SUPPLIER_DESCRIPTION","material | type","SUPPLIER_CATEGORY_CONTRADICTION","NAME_FRAME_DIFFERS | NO_VERIFIED_COMMON_SUPPLIER_FAMILY"
"prv183ew2me8","Маскувальна сітка Militex 6х8м (площа 48 кв.м.)","PIM_ONLY","AMBIGUOUS","12","12","","EXACT_BRAND | EXACT_SUBSTANTIAL_SUPPLIER_DESCRIPTION","material | type","SUPPLIER_CATEGORY_CONTRADICTION","NAME_FRAME_DIFFERS | NO_VERIFIED_COMMON_SUPPLIER_FAMILY"
"pxv0o53q2me9","Маскувальна сітка Militex 8х10м (площа 80 кв.м.)","PIM_ONLY","AMBIGUOUS","12","12","","EXACT_BRAND | EXACT_SUBSTANTIAL_SUPPLIER_DESCRIPTION","material | type","SUPPLIER_CATEGORY_CONTRADICTION","NAME_FRAME_DIFFERS | NO_VERIFIED_COMMON_SUPPLIER_FAMILY"
"phz6bluy2me9","Маскувальна сітка Militex індивідуального розміру (50 грн за 1 кв.м.)","PIM_ONLY","AMBIGUOUS","12","12","","EXACT_BRAND | EXACT_SUBSTANTIAL_SUPPLIER_DESCRIPTION","material | type","SUPPLIER_CATEGORY_CONTRADICTION","NAME_FRAME_DIFFERS | NO_VERIFIED_COMMON_SUPPLIER_FAMILY"
"p9jwwx182mf5","Набір Пояс РПС Kiborg R-1 GEN.2 + підсумки","PIM_ONLY","AMBIGUOUS","6","6","","EXACT_SUPPLIER_CATEGORY | EXACT_SUBSTANTIAL_SUPPLIER_DESCRIPTION","item_type","BRAND_CONTRADICTION","NAME_FRAME_DIFFERS | NO_VERIFIED_COMMON_SUPPLIER_FAMILY | RAW_COLOR_FIELDS_NEED_DECISION"
"p2kbbl492mfy","Підвісна система Team Wendy Cam Fit для шоломів FAST, MICH, ARCH","PIM_ONLY","AMBIGUOUS","3","3","","EXACT_SUPPLIER_CATEGORY | EXACT_SUBSTANTIAL_SUPPLIER_DESCRIPTION | EXACT_NAME_FRAME_EXCLUDING_RECORDED_VARIANTS","item_type","","BRAND_UNKNOWN | NO_VERIFIED_COMMON_SUPPLIER_FAMILY"
"potsdgzo2mg9","Підсумок під захист живота Militex з Cordura original USA з балістичним захистом 1 класу","PIM_ONLY","AMBIGUOUS","2","2","","EXACT_BRAND | EXACT_SUPPLIER_CATEGORY","item_type | armor_class","","NAME_FRAME_DIFFERS | NO_VERIFIED_COMMON_SUPPLIER_FAMILY"
"pbui2kue2mga","Підсумок під захист живота Militex з Cordura original USA з балістичним захистом 2 класу","PIM_ONLY","AMBIGUOUS","2","2","","EXACT_BRAND | EXACT_SUPPLIER_CATEGORY","item_type | armor_class","","NAME_FRAME_DIFFERS | NO_VERIFIED_COMMON_SUPPLIER_FAMILY"
"po9nnp9o2mgl","Плитоноска Kiborg GU Gen.2 + з'ємна панель для трьох магазинів","PIM_ONLY","AMBIGUOUS","4","4","","EXACT_BRAND | EXACT_SUPPLIER_CATEGORY | EXACT_NAME_FRAME_EXCLUDING_RECORDED_VARIANTS","item_type","TRAIT_CONTRADICTION:type","NO_VERIFIED_COMMON_SUPPLIER_FAMILY"
"ptb776lr2mgn","Повний Комплект Шолом з Кавером Навушниками Чебурашками Ліхтариком Каска","PIM_ONLY","AMBIGUOUS","2","2","","EXACT_SUPPLIER_CATEGORY | EXACT_NAME_FRAME_EXCLUDING_RECORDED_VARIANTS","type","TRAIT_CONTRADICTION:item_type","BRAND_UNKNOWN | NO_VERIFIED_COMMON_SUPPLIER_FAMILY"
"pl5hz99f2mh4","Пояс для РПС GEN.2 Kiborg R-1 з IRR-покриттям","PIM_ONLY","AMBIGUOUS","11","11","","EXACT_BRAND | EXACT_SUPPLIER_CATEGORY","type | item_type","","NAME_FRAME_DIFFERS | NO_VERIFIED_COMMON_SUPPLIER_FAMILY"
"pr5xec8d2mha","Протиударний нагрудний чохол під смартфон","PIM_ONLY","AMBIGUOUS","2","2","","EXACT_SUPPLIER_CATEGORY","","","BRAND_UNKNOWN | NAME_FRAME_DIFFERS | NO_VERIFIED_COMMON_SUPPLIER_FAMILY"
"pf4kc24r2mhc","Ремені плечові (лямки) для пояса РПС","PIM_ONLY","AMBIGUOUS","8","8","","EXACT_BRAND | EXACT_SUPPLIER_CATEGORY","item_type","","DUPLICATE_COLOR_SIZE_SKU | NAME_FRAME_DIFFERS | NO_VERIFIED_COMMON_SUPPLIER_FAMILY"
"posh9n1w2mhe","Ремінь 1-точковий для АК","PIM_ONLY","AMBIGUOUS","2","2","","EXACT_BRAND | EXACT_SUPPLIER_CATEGORY | EXACT_SUBSTANTIAL_SUPPLIER_DESCRIPTION","","","NAME_FRAME_DIFFERS | NO_VERIFIED_COMMON_SUPPLIER_FAMILY"
"p34o07u92mhh","Ремінь 2-точковий Kiborg G-2 з системою швидкого регулювання Triple-X","PIM_ONLY","AMBIGUOUS","2","2","","EXACT_BRAND | EXACT_SUPPLIER_CATEGORY | EXACT_SUBSTANTIAL_SUPPLIER_DESCRIPTION","","","NAME_FRAME_DIFFERS | NO_VERIFIED_COMMON_SUPPLIER_FAMILY"
"pgwxzh9l2mhj","Розвантажувальний пояс РПС Kiborg R-1 GEN.2 (2 клас захисту Militex)","PIM_ONLY","AMBIGUOUS","14","14","","EXACT_BRAND | EXACT_SUPPLIER_CATEGORY","type | item_type | armor_class","","NAME_FRAME_DIFFERS | NO_VERIFIED_COMMON_SUPPLIER_FAMILY"
"pb07wr032mhk","Розвантажувальний пояс РПС Kiborg R-1 GEN.2 (з захистом 1 клас Militex)","PIM_ONLY","AMBIGUOUS","14","14","","EXACT_BRAND | EXACT_SUPPLIER_CATEGORY","type | item_type | armor_class","","NAME_FRAME_DIFFERS | NO_VERIFIED_COMMON_SUPPLIER_FAMILY"
"p0aqutv12mi6","Рюкзак 40л Oxford 600D","PIM_ONLY","AMBIGUOUS","2","2","","EXACT_SUPPLIER_CATEGORY | EXACT_SUBSTANTIAL_SUPPLIER_DESCRIPTION | EXACT_NAME_FRAME_EXCLUDING_RECORDED_VARIANTS","","","BRAND_UNKNOWN | NO_VERIFIED_COMMON_SUPPLIER_FAMILY"
"pc6ublrz2mi6","Рюкзак 70л (35*68*21см)","PIM_ONLY","AMBIGUOUS","2","2","","EXACT_SUPPLIER_CATEGORY | EXACT_SUBSTANTIAL_SUPPLIER_DESCRIPTION | EXACT_NAME_FRAME_EXCLUDING_RECORDED_VARIANTS","","","BRAND_UNKNOWN | NO_VERIFIED_COMMON_SUPPLIER_FAMILY"
"pcbeo1fa2mi9","Рюкзак з Molle 40л","PIM_ONLY","AMBIGUOUS","2","2","","EXACT_SUPPLIER_CATEGORY | EXACT_SUBSTANTIAL_SUPPLIER_DESCRIPTION | EXACT_NAME_FRAME_EXCLUDING_RECORDED_VARIANTS","","","BRAND_UNKNOWN | NO_VERIFIED_COMMON_SUPPLIER_FAMILY"
"pqkdu56o2mia","Рюкзак тактичний 30 л з системою MOLLE (виробництво Україна)","PIM_ONLY","AMBIGUOUS","2","2","","EXACT_SUPPLIER_CATEGORY | EXACT_NAME_FRAME_EXCLUDING_RECORDED_VARIANTS","","","BRAND_UNKNOWN | NO_VERIFIED_COMMON_SUPPLIER_FAMILY"
"pje196du2mik","Спальний мішок з капюшоном 2.10х90 фліс зимовий","PIM_ONLY","AMBIGUOUS","2","2","","EXACT_SUPPLIER_CATEGORY","","","BRAND_UNKNOWN | NAME_FRAME_DIFFERS | NO_VERIFIED_COMMON_SUPPLIER_FAMILY"
"phxd50e82min","Спальний мішок Militex Ankar -15С 90*230","PIM_ONLY","AMBIGUOUS","3","3","","EXACT_SUPPLIER_CATEGORY | EXACT_SUBSTANTIAL_SUPPLIER_DESCRIPTION","","","BRAND_UNKNOWN | NAME_FRAME_DIFFERS | NO_VERIFIED_COMMON_SUPPLIER_FAMILY"
"pp73c0qt2mis","Сумка (82х37х33см) KIBORG BAG","PIM_ONLY","AMBIGUOUS","4","4","","EXACT_BRAND | EXACT_SUPPLIER_CATEGORY | EXACT_SUBSTANTIAL_SUPPLIER_DESCRIPTION","","","NAME_FRAME_DIFFERS | NO_VERIFIED_COMMON_SUPPLIER_FAMILY"
"px1roebn2mit","Сумка для захисту паху MILITEX з балістичним пакетом 1 класу","PIM_ONLY","AMBIGUOUS","2","2","","EXACT_BRAND | EXACT_SUPPLIER_CATEGORY","type | item_type | armor_class","","NAME_FRAME_DIFFERS | NO_VERIFIED_COMMON_SUPPLIER_FAMILY"
"pmuv5ihu2miu","Сумка для захисту паху MILITEX з балістичним пакетом 2 класу","PIM_ONLY","AMBIGUOUS","2","2","","EXACT_BRAND | EXACT_SUPPLIER_CATEGORY","type | item_type | armor_class","","NAME_FRAME_DIFFERS | NO_VERIFIED_COMMON_SUPPLIER_FAMILY"
"pr8vdlz72miv","Сумка через плече — з MOLLE-системою","PIM_ONLY","AMBIGUOUS","4","4","","EXACT_SUPPLIER_CATEGORY | EXACT_SUBSTANTIAL_SUPPLIER_DESCRIPTION | EXACT_NAME_FRAME_EXCLUDING_RECORDED_VARIANTS","","","BRAND_UNKNOWN | NO_VERIFIED_COMMON_SUPPLIER_FAMILY"
"pk2mmx462mix","Сумка-бананка із водовідштовхувального матеріалу","PIM_ONLY","AMBIGUOUS","4","4","","EXACT_SUPPLIER_CATEGORY | EXACT_SUBSTANTIAL_SUPPLIER_DESCRIPTION | EXACT_NAME_FRAME_EXCLUDING_RECORDED_VARIANTS","","","BRAND_UNKNOWN | NO_VERIFIED_COMMON_SUPPLIER_FAMILY"
"pwla67g42miz","Сумка-баул 140л","PIM_ONLY","AMBIGUOUS","2","2","","EXACT_SUPPLIER_CATEGORY | EXACT_NAME_FRAME_EXCLUDING_RECORDED_VARIANTS","","","BRAND_UNKNOWN | NO_VERIFIED_COMMON_SUPPLIER_FAMILY"
"p8ehmuh62mj0","Сумка-баул нейлон 100л","PIM_ONLY","AMBIGUOUS","2","2","","EXACT_SUPPLIER_CATEGORY | EXACT_SUBSTANTIAL_SUPPLIER_DESCRIPTION | EXACT_NAME_FRAME_EXCLUDING_RECORDED_VARIANTS","","","BRAND_UNKNOWN | NO_VERIFIED_COMMON_SUPPLIER_FAMILY"
"p00cmy4y2mj8","Сумка-напашник M Kiborg з балістичним пакетом 2 клас захисту PE Militex GU Сordura","PIM_ONLY","AMBIGUOUS","6","6","","EXACT_BRAND | EXACT_SUPPLIER_CATEGORY","item_type | armor_class","","NAME_FRAME_DIFFERS | NO_VERIFIED_COMMON_SUPPLIER_FAMILY"
"pohttxej2mj9","Сумка-напашник Militex Cordura original USA з NIR-просоченням","PIM_ONLY","AMBIGUOUS","2","2","","EXACT_BRAND | EXACT_SUPPLIER_CATEGORY","type | item_type","","NAME_FRAME_DIFFERS | NO_VERIFIED_COMMON_SUPPLIER_FAMILY"
"pfkfulgo2mjg","Тактична демісезонна куртка YINREN Delta Eagle Gen 3 з мембраною ріп-стоп та водонепроникним капюшоном","PIM_ONLY","AMBIGUOUS","18","18","","EXACT_SUPPLIER_CATEGORY | EXACT_SUBSTANTIAL_SUPPLIER_DESCRIPTION | EXACT_NAME_FRAME_EXCLUDING_RECORDED_VARIANTS","item_type","","BRAND_UNKNOWN | NO_VERIFIED_COMMON_SUPPLIER_FAMILY"
"pb840i7d2mjh","Тактична зимова куртка нової генерації від бренду YINREN","PIM_ONLY","AMBIGUOUS","24","24","","EXACT_SUPPLIER_CATEGORY | EXACT_SUBSTANTIAL_SUPPLIER_DESCRIPTION | EXACT_NAME_FRAME_EXCLUDING_RECORDED_VARIANTS","item_type","","BRAND_UNKNOWN | NO_VERIFIED_COMMON_SUPPLIER_FAMILY"
"pmggfkm52mjh","Тактична зимова куртка Call Dragon Level 7 з еко-пухом","PIM_ONLY","AMBIGUOUS","18","18","","EXACT_SUPPLIER_CATEGORY | EXACT_NAME_FRAME_EXCLUDING_RECORDED_VARIANTS","item_type","","BRAND_UNKNOWN | NO_VERIFIED_COMMON_SUPPLIER_FAMILY"
"pyradxzv2mjw","Тактична футболка-поло Coolpass – комфорт і функціональність у кожному русі","PIM_ONLY","AMBIGUOUS","40","40","","EXACT_SUPPLIER_CATEGORY | EXACT_SUBSTANTIAL_SUPPLIER_DESCRIPTION | EXACT_NAME_FRAME_EXCLUDING_RECORDED_VARIANTS","item_type","","BRAND_UNKNOWN | NO_VERIFIED_COMMON_SUPPLIER_FAMILY | RAW_COLOR_FIELDS_NEED_DECISION"
"phehwnjs2mjy","Тактичний балістичний шолом ECLIPSE HC GEN 3 (High Cut, NIJ IIIA, ДСТУ 1) | SXE GROUP","PIM_ONLY","AMBIGUOUS","8","8","","EXACT_SUPPLIER_CATEGORY | EXACT_NAME_FRAME_EXCLUDING_RECORDED_VARIANTS","item_type","","BRAND_UNKNOWN | NO_VERIFIED_COMMON_SUPPLIER_FAMILY | RAW_COLOR_FIELDS_NEED_DECISION"
"p55knpkw2mk0","Тактичний демісезонний костюм Softshell","PIM_ONLY","AMBIGUOUS","20","20","","EXACT_SUPPLIER_CATEGORY | EXACT_NAME_FRAME_EXCLUDING_RECORDED_VARIANTS","item_type","","BRAND_UNKNOWN | NO_VERIFIED_COMMON_SUPPLIER_FAMILY"
"pqpk8hib2mk5","Тактичний пояс РПС Kiborg R-3 GEN.2 з балістичним захистом 1 класу","PIM_ONLY","AMBIGUOUS","11","11","","EXACT_BRAND | EXACT_SUPPLIER_CATEGORY","type | item_type | armor_class","","NAME_FRAME_DIFFERS | NO_VERIFIED_COMMON_SUPPLIER_FAMILY"
"pw4cotn52mk5","Тактичний пояс РПС Kiborg R-3 GEN.2 з балістичним захистом 2 класу","PIM_ONLY","AMBIGUOUS","13","13","","EXACT_BRAND","type | item_type","SUPPLIER_CATEGORY_CONTRADICTION | TRAIT_CONTRADICTION:armor_class","DUPLICATE_COLOR_SIZE_SKU | NAME_FRAME_DIFFERS | NO_VERIFIED_COMMON_SUPPLIER_FAMILY"
"pda5d9ol2mk6","Тактичний рюкзак Molle Assault 55л + (3 органайзери)","PIM_ONLY","AMBIGUOUS","3","3","","EXACT_SUPPLIER_CATEGORY | EXACT_SUBSTANTIAL_SUPPLIER_DESCRIPTION | EXACT_NAME_FRAME_EXCLUDING_RECORDED_VARIANTS","","","BRAND_UNKNOWN | NO_VERIFIED_COMMON_SUPPLIER_FAMILY | RAW_COLOR_FIELDS_NEED_DECISION"
"pm8tt5i02mke","Тактичні кросівки S.W.A.T ORIGINAL","PIM_ONLY","AMBIGUOUS","2","2","","EXACT_BRAND | EXACT_SUPPLIER_CATEGORY","","","NAME_FRAME_DIFFERS | NO_VERIFIED_COMMON_SUPPLIER_FAMILY"
"pdp6mozj2mkh","Тактичні навушники EARMOR M31Н з кріпленням","PIM_ONLY","AMBIGUOUS","2","2","","EXACT_BRAND | EXACT_SUPPLIER_CATEGORY","type","","NAME_FRAME_DIFFERS | NO_VERIFIED_COMMON_SUPPLIER_FAMILY"
"pm6bqddl2mki","Тактичні навушники EARMOR M32 з універсальним кріпленням","PIM_ONLY","AMBIGUOUS","2","2","","EXACT_BRAND | EXACT_SUPPLIER_CATEGORY","type | item_type","","NAME_FRAME_DIFFERS | NO_VERIFIED_COMMON_SUPPLIER_FAMILY"
"pa37deyo2mkk","Тактичні напівчеревики Бруклін Undolini","PIM_ONLY","AMBIGUOUS","12","12","","EXACT_BRAND | EXACT_SUPPLIER_CATEGORY","","","NAME_FRAME_DIFFERS | NO_VERIFIED_COMMON_SUPPLIER_FAMILY"
"p5qwvctm2mld","Трикотажна футболка ""ARNO"" виробник Militex —","PIM_ONLY","AMBIGUOUS","12","12","","EXACT_SUPPLIER_CATEGORY | EXACT_SUBSTANTIAL_SUPPLIER_DESCRIPTION | EXACT_NAME_FRAME_EXCLUDING_RECORDED_VARIANTS","type | item_type","BRAND_CONTRADICTION","NO_VERIFIED_COMMON_SUPPLIER_FAMILY"
"pa9uvkea2mlj","Універсальна сумка-бананка","PIM_ONLY","AMBIGUOUS","2","2","","EXACT_SUPPLIER_CATEGORY | EXACT_SUBSTANTIAL_SUPPLIER_DESCRIPTION | EXACT_NAME_FRAME_EXCLUDING_RECORDED_VARIANTS","","","BRAND_UNKNOWN | NO_VERIFIED_COMMON_SUPPLIER_FAMILY"
"pk1kcwyn2mls","Флісова кофта Call Dragon 2.0 (48)","PIM_ONLY","AMBIGUOUS","2","2","","EXACT_SUPPLIER_CATEGORY | EXACT_NAME_FRAME_EXCLUDING_RECORDED_VARIANTS","item_type","","BRAND_UNKNOWN | NO_VERIFIED_COMMON_SUPPLIER_FAMILY"
"pfg8a2882mlt","Флісова кофта Call Dragon 2.0 (50)","PIM_ONLY","AMBIGUOUS","2","2","","EXACT_SUPPLIER_CATEGORY | EXACT_NAME_FRAME_EXCLUDING_RECORDED_VARIANTS","item_type","","BRAND_UNKNOWN | NO_VERIFIED_COMMON_SUPPLIER_FAMILY"
"pq29spfu2mlt","Флісова кофта Call Dragon 2.0 (52)","PIM_ONLY","AMBIGUOUS","2","2","","EXACT_SUPPLIER_CATEGORY | EXACT_NAME_FRAME_EXCLUDING_RECORDED_VARIANTS","item_type","","BRAND_UNKNOWN | NO_VERIFIED_COMMON_SUPPLIER_FAMILY"
"pwcedxhi2mlx","Футболка Coolmax","PIM_ONLY","AMBIGUOUS","5","5","","EXACT_SUPPLIER_CATEGORY | EXACT_NAME_FRAME_EXCLUDING_RECORDED_VARIANTS","item_type","BRAND_CONTRADICTION | TRAIT_CONTRADICTION:type","NO_VERIFIED_COMMON_SUPPLIER_FAMILY | RAW_COLOR_FIELDS_NEED_DECISION"
"pa3yacey2mmc","Шапка-балаклава в'язана","PIM_ONLY","AMBIGUOUS","4","4","","EXACT_SUPPLIER_CATEGORY | EXACT_SUBSTANTIAL_SUPPLIER_DESCRIPTION","type","","BRAND_UNKNOWN | DUPLICATE_COLOR_SIZE_SKU | NAME_FRAME_DIFFERS | NO_VERIFIED_COMMON_SUPPLIER_FAMILY"
"pqdqql7t2mmc","Шапка-балаклава в'язана на флісі","PIM_ONLY","AMBIGUOUS","2","2","1913","EXACT_SUPPLIER_CATEGORY | EXACT_SUBSTANTIAL_SUPPLIER_DESCRIPTION | EXACT_NAME_FRAME_EXCLUDING_RECORDED_VARIANTS | EXACT_SUPPLIER_SKU_FAMILY_WITH_VERIFIED_VARIANT_SUFFIX","type","","BRAND_UNKNOWN | RAW_COLOR_FIELDS_NEED_DECISION"
"pdxgegsr2mmf","Шолом захисний балістичний ECLIPSE GEN 2 HC","PIM_ONLY","AMBIGUOUS","8","8","","EXACT_SUPPLIER_CATEGORY | EXACT_NAME_FRAME_EXCLUDING_RECORDED_VARIANTS","","","BRAND_UNKNOWN | NO_VERIFIED_COMMON_SUPPLIER_FAMILY"
"p2283ch42mmg","Шолом тактичний MICH ECLIPSE GEN 3","PIM_ONLY","AMBIGUOUS","4","4","","EXACT_SUPPLIER_CATEGORY | EXACT_NAME_FRAME_EXCLUDING_RECORDED_VARIANTS","item_type","","BRAND_UNKNOWN | NO_VERIFIED_COMMON_SUPPLIER_FAMILY | RAW_COLOR_FIELDS_NEED_DECISION"
"pssz1q3i2mmh","Шолом Fast Maritime UHMW-PE","PIM_ONLY","AMBIGUOUS","2","2","","EXACT_SUPPLIER_CATEGORY","","","BRAND_UNKNOWN | NAME_FRAME_DIFFERS | NO_VERIFIED_COMMON_SUPPLIER_FAMILY"
"pyolr4632mmm","Шолом Protection Group Denmark ARCH","PIM_ONLY","AMBIGUOUS","6","6","","EXACT_SUPPLIER_CATEGORY","type | item_type","","BRAND_UNKNOWN | NAME_FRAME_DIFFERS | NO_VERIFIED_COMMON_SUPPLIER_FAMILY | RAW_COLOR_FIELDS_NEED_DECISION"
"pq3bdutk2mn5","Militex Тактична куртка 4WSTRETCH, колір, розмір","PIM_ONLY","AMBIGUOUS","12","12","","EXACT_BRAND | EXACT_SUPPLIER_CATEGORY","item_type","","NAME_FRAME_DIFFERS | NO_VERIFIED_COMMON_SUPPLIER_FAMILY"
"p0q4o0gu2mn5","Militex Тактичні Штани 4WSTRETCH, колір, розмір","PIM_ONLY","AMBIGUOUS","12","12","","EXACT_BRAND | EXACT_SUPPLIER_CATEGORY","item_type","","NAME_FRAME_DIFFERS | NO_VERIFIED_COMMON_SUPPLIER_FAMILY"
